<?xml version="1.0" encoding="UTF-8"?>
<configuration xmlns:xsi="http://www.w3.org/2001/XMLSchema-instance"  scan="true" scanPeriod="30 seconds">
	
	<property name="secs1LogLevel" value="DEBUG" />
	<property name="secs2LogLevel" value="DEBUG" />
	<property name="unknownLogLevel" value="DEBUG" />
	<property name="secsLogPattern" value="%date{MM-dd HH:mm:ss.SSS} %msg%n" />
	
	<!-- **************************************************************************************** -->	
	<!-- SECS Driver -->
	<!-- SECS1 Logger -->	
	<appender name="SECS1_Appender" class="ch.qos.logback.core.rolling.RollingFileAppender">
<!-- 		<rollingPolicy class="ch.qos.logback.core.rolling.TimeBasedRollingPolicy"> -->
<!-- 			<fileNamePattern>${LOG_HOME}/${hsms.driverId}/driver/SECS-I/%d{yyyy-MM-dd}/%d{dd}-day.log</fileNamePattern> -->
<!-- 			<maxHistory>7</maxHistory> -->
<!-- 			<totalSizeCap>20KB</totalSizeCap> -->
<!-- 		</rollingPolicy> -->
		<file>${LOG_HOME}/${hsms.driverId}/DRIVER/secs1.log</file>
		<rollingPolicy class="ch.qos.logback.core.rolling.SizeAndTimeBasedRollingPolicy">
			<fileNamePattern>${LOG_HOME}/${hsms.driverId}/DRIVER/bak/%d{yyyy-MM-dd,aux}/ses1.%d{HH}.%i.log</fileNamePattern>
			<maxFileSize>20MB</maxFileSize>
			<maxHistory>30</maxHistory>
			<totalSizeCap>3GB</totalSizeCap>
		</rollingPolicy>
		<encoder>
			<pattern>${secsLogPattern}</pattern>
		</encoder>
	</appender>
	<logger name="LOGGER_SECS1" level="${secs1LogLevel}" >
		<appender-ref ref="SECS1_Appender" />
	</logger>
	
	<!-- SECS2 Logger -->	
	<appender name="SECS2_Appender" class="ch.qos.logback.core.rolling.RollingFileAppender">
<!-- 		<rollingPolicy class="ch.qos.logback.core.rolling.TimeBasedRollingPolicy"> -->
<!-- 			<fileNamePattern>${LOG_HOME}/${hsms.driverId}/driver/SECS-II/%d{yyyy-MM-dd}/%d{dd}-day.log</fileNamePattern> -->
<!-- 			<maxHistory>7</maxHistory> -->
<!-- 			<totalSizeCap>3GB</totalSizeCap> -->
<!-- 		</rollingPolicy> -->
	<file>${LOG_HOME}/${hsms.driverId}/DRIVER/secs2.log</file>
		<rollingPolicy class="ch.qos.logback.core.rolling.SizeAndTimeBasedRollingPolicy">
			<fileNamePattern>${LOG_HOME}/${hsms.driverId}/DRIVER/bak/%d{yyyy-MM-dd,aux}/ses2.%d{HH}.%i.log</fileNamePattern>
			<maxFileSize>20MB</maxFileSize>
			<maxHistory>30</maxHistory>
			<totalSizeCap>3GB</totalSizeCap>
		</rollingPolicy>
		<encoder>
			<pattern>${secsLogPattern}</pattern>
		</encoder>
	</appender>
	<logger name="LOGGER_SECS2" level="${secs2LogLevel}">
		<appender-ref ref="SECS2_Appender" />
	</logger>
	
	<!-- UNKNOWN Logger -->	
	<appender name="UNKNOWN_Appender" class="ch.qos.logback.core.rolling.RollingFileAppender">
<!-- 		<rollingPolicy class="ch.qos.logback.core.rolling.TimeBasedRollingPolicy"> -->
<!-- 			<fileNamePattern>${LOG_HOME}/${hsms.driverId}/driver/UNKNOWN/%d{yyyy-MM-dd}/%d{dd}-day.log</fileNamePattern> -->
<!-- 			<maxHistory>7</maxHistory> -->
<!-- 			<totalSizeCap>3GB</totalSizeCap> -->
<!-- 		</rollingPolicy> -->
		<file>${LOG_HOME}/${hsms.driverId}/DRIVER/unknown.log</file>
		<rollingPolicy class="ch.qos.logback.core.rolling.SizeAndTimeBasedRollingPolicy">
			<fileNamePattern>${LOG_HOME}/${hsms.driverId}/DRIVER/bak/%d{yyyy-MM-dd,aux}/unknown.%d{HH}.%i.log</fileNamePattern>
			<maxFileSize>20MB</maxFileSize>
			<maxHistory>30</maxHistory>
			<totalSizeCap>3GB</totalSizeCap>
		</rollingPolicy>
		<encoder>
			<pattern>${secsLogPattern}</pattern>
		</encoder>
	</appender>
	<logger name="LOGGER_UNKNOWN" level="${unknownLogLevel}">
		<appender-ref ref="UNKNOWN_Appender" />
	</logger>
	



	<!-- **************************************************************************************** -->
	<!-- **************************************************************************************** -->
	<property name="logLevel" value="DEBUG" />
	<property name="logPattern" value="[%date] [%-5level] %msg%n" />
	
	<appender name="STDOUT" class="ch.qos.logback.core.ConsoleAppender">
		<encoder>
			<pattern>${logPattern}</pattern>
		</encoder>
	</appender>
	
	<appender name="ROOT_APPENDER" class="ch.qos.logback.core.rolling.RollingFileAppender">
		<file>${LOG_HOME}/${hsms.driverId}/${hsms.driverId}.log</file>
		<rollingPolicy class="ch.qos.logback.core.rolling.SizeAndTimeBasedRollingPolicy">
			<fileNamePattern>${LOG_HOME}/${hsms.driverId}/bak/%d{yyyy-MM-dd,aux}/${hsms.driverId}.%d{HH}.%i.log</fileNamePattern>
			<maxFileSize>20MB</maxFileSize>
			<maxHistory>30</maxHistory>
			<totalSizeCap>1GB</totalSizeCap>
		</rollingPolicy>
		<encoder>
			<pattern>${logPattern}</pattern>
		</encoder>
	</appender>
	
	<logger name="org.springframework" level="ERROR"/>
	
	<root level="${logLevel}">
<if condition='p("log.profile").equals("dev")'><then>			
		<appender-ref ref="STDOUT" />
</then></if>
		<appender-ref ref="ROOT_APPENDER" />
	</root>	
</configuration>